{
        "appId": "com.dovie.messenger",
        "appName": "Dovie Messenger",
        "webDir": "public",
        "ios": {
                "allowsLinkPreview": false,
                "overrideUserInterfaceStyle": "light",
                "webContentsDebuggingEnabled": true,
                "contentInset": "automatic",
                "backgroundColor": "#ffffff"
        },
        "packageClassList": [
                "AppPlugin",
                "CAPCameraPlugin",
                "FilesystemPlugin",
                "HapticsPlugin",
                "PushNotificationsPlugin",
                "StatusBarPlugin",
                "ToastPlugin"
        ]
}
