{
        "appId": "com.dovie.messenger",
        "appName": "Dovie Messenger",
        "webDir": "public",
        "server": {
                "url": "https://vault-messenger-1-hello2sangyun.replit.app",
                "cleartext": false
        },
        "packageClassList": [
                "AppPlugin",
                "CAPCameraPlugin",
                "FilesystemPlugin",
                "HapticsPlugin",
                "PushNotificationsPlugin",
                "StatusBarPlugin",
                "ToastPlugin"
        ]
}
