{
        "appId": "com.dovie.messenger",
        "appName": "Dovie Messenger",
        "webDir": "public",
        "server": {
                "url": "https://85060192-a63a-4476-a654-17f1dcfbd4a2-00-2gd912molkufa.worf.replit.dev",
                "cleartext": true
        },
        "packageClassList": [
                "AppPlugin",
                "CAPCameraPlugin",
                "FilesystemPlugin",
                "HapticsPlugin",
                "PushNotificationsPlugin",
                "StatusBarPlugin",
                "ToastPlugin"
        ]
}
