{
        "appId": "com.dovie.messenger",
        "appName": "Dovie Messenger",
        "webDir": "public",
        "server": {
                "url": "https://vault-messenger-1-hello2sangyun.replit.app",
                "cleartext": true,
                "allowNavigation": [
                        "https://vault-messenger-1-hello2sangyun.replit.app",
                        "https://*.replit.app"
                ]
        },
        "ios": {
                "allowsLinkPreview": false,
                "overrideUserInterfaceStyle": "light",
                "webContentsDebuggingEnabled": true,
                "contentInset": "automatic",
                "backgroundColor": "#ffffff"
        },
        "packageClassList": [
                "AppPlugin",
                "CAPCameraPlugin",
                "FilesystemPlugin",
                "HapticsPlugin",
                "PushNotificationsPlugin",
                "StatusBarPlugin",
                "ToastPlugin"
        ]
}
